{"cameraMode":{"drawMode":0,"name":"Shaded","section":"Shading Mode"},"sceneLighting":false,"audioPlay":false,"sceneViewState":{"showFog":true,"showMaterialUpdate":false,"showSkybox":false,"showFlares":true,"showImageEffects":true,"showParticleSystems":true,"showVisualEffectGraphs":true,"m_FxEnabled":true},"in2DMode":false,"pivot":{"x":0.06328083574771881,"y":0.12561367452144624,"z":0.00661197304725647},"rotation":{"x":0.0011480048997327686,"y":-0.9979212880134583,"z":-0.06174047291278839,"w":-0.018557224422693254},"size":0.1338525414466858,"orthographic":false}