{"cameraMode":{"drawMode":0,"name":"Shaded","section":"Shading Mode"},"sceneLighting":false,"audioPlay":false,"sceneViewState":{"showFog":true,"showMaterialUpdate":false,"showSkybox":false,"showFlares":true,"showImageEffects":true,"showParticleSystems":true,"showVisualEffectGraphs":true,"m_FxEnabled":true},"in2DMode":false,"pivot":{"x":-0.04048273712396622,"y":0.05451025813817978,"z":0.005411859601736069},"rotation":{"x":-0.15497079491615296,"y":0.09379677474498749,"z":-0.014781423844397068,"w":-0.9833469390869141},"size":0.07861706614494324,"orthographic":false}