{"cameraMode":{"drawMode":0,"name":"Shaded","section":"Shading Mode"},"sceneLighting":false,"audioPlay":false,"sceneViewState":{"showFog":true,"showMaterialUpdate":false,"showSkybox":false,"showFlares":true,"showImageEffects":true,"showParticleSystems":true,"showVisualEffectGraphs":true,"m_FxEnabled":true},"in2DMode":false,"pivot":{"x":0.059999994933605197,"y":-9.880000114440918,"z":-0.000050008296966552734},"rotation":{"x":0.02056981809437275,"y":-0.10717348754405976,"z":-0.002217288361862302,"w":-0.9940268993377686},"size":0.40946024656295779,"orthographic":false}