{"cameraMode":{"drawMode":0,"name":"Shaded","section":"Shading Mode"},"sceneLighting":true,"audioPlay":false,"sceneViewState":{"showFog":true,"showMaterialUpdate":false,"showSkybox":true,"showFlares":true,"showImageEffects":true,"showParticleSystems":true,"showVisualEffectGraphs":true,"m_FxEnabled":true},"in2DMode":false,"pivot":{"x":0.02906433679163456,"y":0.06579183042049408,"z":-0.044497206807136539},"rotation":{"x":-0.15497079491615296,"y":0.09379677474498749,"z":-0.014781423844397068,"w":-0.9833469390869141},"size":0.31316477060317995,"orthographic":false}